,Price,Made Year,Manufacture,Model,Kilometer
0,36500.00,2015.0,Audi,AudiQ,79997
1,34894.00,2016.0,BMW,BMWX3,78298
2,51888.00,2015.0,BMW,BMWX6,40000
3,37603.00,2017.0,Acura,Acura,25103
4,36333.00,2017.0,NISSAN,NISSA,11208
5,41917.00,2017.0,Acura,Acura,46129
6,35800.00,2014.0,Mercedes-Benz,Merce,82675
7,38800.00,2016.0,Land,Range Rover,52138
8,34900.00,2017.0,Toyota,Toyot,55160
9,33900.00,2017.0,Toyota,Toyot,17643
10,36900.00,2016.0,Toyota,Toyot,63616
11,41800.00,2017.0,Toyota,Toyot,19267
12,40800.00,2017.0,Jeep,JeepW,15131
13,34800.00,2015.0,Land,Evoque PURE,54401
14,45800.00,2014.0,Porsche,Porsc,87606
15,47800.00,2017.0,Audi,AudiQ,93929
16,40152.00,2015.0,Lexus,Lexus,59915
17,36242.00,2015.0,Lexus,Lexus,92696
18,37995.00,2017.0,Acura,Acura,18688
19,39888.00,2016.0,Lexus,Lexus,25000
20,65995.00,2016.0,Porsche,Porsc,33021
21,58000.00,2014.0,Land,Range Rover,64123
22,47682.00,2018.0,Cadillac,Cadil,27832
23,33988.00,2015.0,Mercedes-Benz,Merce,54819
24,33888.00,2014.0,BMW,BMWX6,59870
25,36500.00,2015.0,Audi,AudiQ,79997
26,34894.00,2016.0,BMW,BMWX3,78298
27,51888.00,2015.0,BMW,BMWX6,40000
28,37603.00,2017.0,Acura,Acura,25103
29,36333.00,2017.0,NISSAN,NISSA,11208
30,41917.00,2017.0,Acura,Acura,46129
31,35800.00,2014.0,Mercedes-Benz,Merce,82675
32,38800.00,2016.0,Land,Range Rover,52138
33,34900.00,2017.0,Toyota,Toyot,55160
34,33900.00,2017.0,Toyota,Toyot,17643
35,36900.00,2016.0,Toyota,Toyot,63616
36,41800.00,2017.0,Toyota,Toyot,19267
37,40800.00,2017.0,Jeep,JeepW,15131
38,34800.00,2015.0,Land,Evoque PURE,54401
39,45800.00,2014.0,Porsche,Porsc,87606
40,47800.00,2017.0,Audi,AudiQ,93929
41,40152.00,2015.0,Lexus,Lexus,59915
42,36242.00,2015.0,Lexus,Lexus,92696
43,37995.00,2017.0,Acura,Acura,18688
44,39888.00,2016.0,Lexus,Lexus,25000
45,65995.00,2016.0,Porsche,Porsc,33021
46,58000.00,2014.0,Land,Range Rover,64123
47,47682.00,2018.0,Cadillac,Cadil,27832
48,33988.00,2015.0,Mercedes-Benz,Merce,54819
49,33888.00,2014.0,BMW,BMWX6,59870
50,42888.00,2018.0,VOLKSWAGEN,VOLKS,27000
51,69990.00,2017.0,Jaguar,Jagua,25572
52,49800.00,2014.0,Porsche,Porsc,75634
53,31950.00,2017.0,Audi,AudiQ,99000
54,55598.00,2017.0,Lexus,Lexus,20083
55,34888.00,2015.0,Mercedes-Benz,Merce,63808
56,43888.00,2013.0,Mercedes-Benz,Merce,96226
57,33988.00,2015.0,Mercedes-Benz,Merce,52674
58,32888.00,2015.0,Mercedes-Benz,Merce,71460
59,32988.00,2016.0,BMW,BMWX4,47940
60,36888.00,2015.0,Toyota,Toyot,75480
61,39988.00,2016.0,BMW,BMWX5,73166
62,44985.00,2014.0,Mercedes-Benz,Merce,87000
63,39985.00,2013.0,Porsche,Porsc,85000
64,44985.00,2016.0,Mercedes-Benz,Merce,66000
65,34000.00,2015.0,lexus,lexus,44000
66,34990.00,2015.0,Audi,AudiQ,95428
67,36500.00,2015.0,Audi,AudiQ,79997
68,59900.00,2016.0,Porsche,Porsc,21352
69,50910.00,2015.0,BMW,BMWX5,52277
70,36710.00,2015.0,Mercedes-Benz,Merce,77003
71,47589.00,2017.0,Acura,Acura,70225
72,51977.00,2017.0,Audi,AudiQ,78201
73,34977.00,2018.0,Volkswagen,Volks,21645
74,31977.00,2015.0,Audi,AudiQ,82748
75,32000.00,2015.0,Land,Range Rover,43000
76,39990.00,2016.0,Land,Range Rover,68230
77,48889.00,2018.0,Mercedes-Benz,Merce,17901
78,32995.00,2016.0,Toyota,Toyot,11515
79,44800.00,2013.0,Mercedes-Benz,Merce,96010
80,34977.00,2015.0,Lexus,Lexus,65189
81,39500.00,2015.0,Jeep,JeepW,52000
82,39950.00,2018.0,Jeep,JeepG,21524
83,30900.00,2017.0,Toyota,Toyot,52382
84,36910.00,2014.0,Land,Range Rover,50644
85,63095.00,2018.0,Audi,AudiQ,14604
86,53910.00,2017.0,Lexus,Lexus,45928
87,43888.00,2018.0,Jeep,JeepG,44802
88,57799.00,2016.0,BMW,BMWX6,40000
89,64985.00,2016.0,Land,Range Rover,55000
90,49800.00,2016.0,BMW,BMWX6,73000
91,52998.00,2018.0,Cadillac,Cadil,19376
92,38880.00,2015.0,Audi,AudiQ,85000
93,40800.00,2018.0,Jeep,JeepW,14875
94,64910.00,2015.0,Land,Range Rover,82240
95,39995.00,2015.0,BMW,BMWX5,65000
96,51388.00,2015.0,Porsche,Porsc,43688
97,39500.00,2016.0,Toyota,Toyot,48125
98,59988.00,2014.0,Land,Range Rover,75000
99,49988.00,2014.0,Mercedes-Benz,Merce,66500
100,66900.00,2017.0,GMC,GMCYu,29049
101,32595.00,2017.0,Ford,FordE,30940
102,36500.00,2015.0,Audi,AudiQ,79997
103,49800.00,2014.0,Porsche,Porsc,75634
104,36600.00,2017.0,BMW,BMWX1,35950
105,33877.00,2015.0,Jeep,JeepW,50232
106,47995.00,2016.0,Lexus,Lexus,15791
107,41888.00,2018.0,Chrysler,Chrys,10810
108,43427.00,2018.0,Dodge,Dodge,30847
109,57776.00,2015.0,Mercedes-Benz,Merce,77857
110,34999.00,2015.0,Lexus,Lexus,55810
111,56777.00,2016.0,Volvo,Volvo,27800
112,36988.00,2014.0,Mercedes-Benz,Merce,53334
113,34995.00,2016.0,Lexus,Lexus,42197
114,39988.00,2014.0,Audi,AudiQ,64000
115,53988.00,2015.0,Mercedes-Benz,Merce,92000
116,41800.00,2013.0,Porsche,Porsc,75000
117,53988.00,2013.0,Mercedes-Benz,Merce,89000
118,31795.00,2015.0,Mercedes-Benz,Merce,58000
119,52988.00,2015.0,Mercedes-Benz,Merce,79000
120,78888.00,2015.0,Land,Range Rover,57000
121,31795.00,2015.0,Mercedes-Benz,Merce,58000
122,38988.00,2014.0,Audi,AudiQ,88000
123,37888.00,2013.0,Audi,AudiQ,65000
124,53988.00,2015.0,Chevrolet,Chevr,30790
125,31977.00,2016.0,Mercedes-Benz,Merce,45910
126,31900.00,2015.0,Mercedes-Benz,Merce,71913
127,43800.00,2014.0,BMW,BMWX5,85792
128,40888.00,2014.0,BMW,BMWX5,79000
129,36887.00,2018.0,Mercedes-Benz,Merce,16690
130,35488.00,2016.0,Mazda,Mazda,75210
131,65710.00,2016.0,Land,Range Rover,59579
132,32910.00,2013.0,Volkswagen,Volks,60144
133,51910.00,2015.0,Land,Range Rover,87138
134,38500.00,2016.0,Jeep,JeepG,85000
135,37870.00,2015.0,Audi,AudiQ,66321
136,32095.00,2016.0,Audi,AudiQ,44352
137,39926.00,2016.0,Acura,Acura,51116
138,33997.00,2016.0,Acura,Acura,69944
139,35800.00,2015.0,Land,Range Rover,95098
140,46800.00,2018.0,Land,Range Rover,20583
141,43800.00,2015.0,Land,LR4 7,90274
142,35800.00,2014.0,Mercedes-Benz,Merce,75959
143,48800.00,2013.0,Mercedes-Benz,Merce,58960
144,36800.00,2016.0,Jeep,JeepW,61532
145,32800.00,2015.0,Mercedes-Benz,Merce,61165
146,36800.00,2015.0,Mercedes-Benz,Merce,87744
147,36800.00,2014.0,Land,"Evoque DYNAMIC,",71641
148,38800.00,2014.0,Mercedes-Benz,Merce,80673
149,51890.00,2017.0,Lexus,Lexus,46604
150,33295.00,2018.0,Hyundai,Hyund,22155
151,77990.00,2015.0,Land,Range Rover,48161
152,58000.00,2014.0,Land,Range Rover,64123
153,36500.00,2015.0,Audi,AudiQ,79997
154,38800.00,2016.0,Jeep,JeepW,21502
155,35950.00,2015.0,Mercedes-Benz,Merce,86943
156,33450.00,2015.0,Mercedes-Benz,Merce,98425
157,36600.00,2017.0,BMW,BMWX1,35950
158,36400.00,2017.0,Cadillac,Cadil,83499
159,30900.00,2015.0,Buick,Buick,49795
160,39488.00,2017.0,Jeep,JeepW,38394
161,35400.00,2016.0,Ford,FordE,95019
162,32888.00,2015.0,Acura,Acura,72647
163,73700.00,2018.0,Chevrolet,Chevr,18200
164,66900.00,2017.0,GMC,GMCYu,29049
165,63800.00,2016.0,Porsche,Porsc,23560
166,31950.00,2015.0,Mercedes-Benz,Merce,58132
167,47950.00,2015.0,BMW,BMWX5,34570
168,32888.00,2015.0,MERCEDES,MERCE,77000
169,33888.00,2015.0,Audi,AudiS,97475
170,38995.00,2015.0,Audi,AudiQ,70490
171,65995.00,2016.0,Chevrolet,Chevr,51724
172,35998.00,2016.0,Buick,Buick,41915
173,49000.00,2018.0,Toyota,Toyot,17000
174,30892.00,2016.0,Acura,Acura,71892
175,41999.00,2015.0,Mercedes-Benz,Merce,74890
176,74990.00,2016.0,Land,Range Rover,33656
177,56888.00,2016.0,Mercedes-Benz,Merce,48396
178,33800.00,2015.0,Mercedes-Benz,Merce,90487
179,43800.00,2015.0,Land,"LR4 HSE,",94085
180,68910.00,2015.0,Land,Range Rover,79312
181,42810.00,2015.0,Land,LR4 HSE,97494
182,38910.00,2016.0,BMW,BMWX4,93870
183,49710.00,2018.0,GMC,GMCYu,27382
184,38949.00,2016.0,Honda,Honda,47969
185,32900.00,2015.0,Mercedes-Benz,Merce,35564
186,41900.00,2017.0,Lexus,Lexus,24700
187,32900.00,2016.0,Audi,AudiQ,97947
188,56988.00,2015.0,Mercedes-Benz,Merce,76691
189,39987.00,2013.0,Porsche,Porsc,83578
190,54860.00,2015.0,Mercedes-Benz,Merce,81356
191,73888.00,2018.0,Volvo,Volvo,19189
192,37890.00,2015.0,Audi,AudiQ,82100
193,43955.00,2016.0,Lexus,Lexus,82137
194,41995.00,2016.0,Lexus,Lexus,26853
195,64500.00,2017.0,Mercedes-Benz,Merce,45400
196,64800.00,2017.0,Lexus,Lexus,20500
197,30989.00,2015.0,Acura,Acura,80820
198,44380.00,2017.0,Acura,Acura,49664
199,48457.00,2017.0,Acura,Acura,41851
200,55490.00,2015.0,BMW,BMWX6,54282
201,35900.00,2017.0,Audi,AudiQ,55089
202,35998.00,2018.0,Mercedes-Benz,Merce,21586
203,39500.00,2016.0,Toyota,Toyot,48125
204,47777.00,2017.0,Jeep,JeepG,44077
205,48493.00,2017.0,Acura,Acura,32315
206,42397.00,2017.0,Acura,Acura,37800
207,32395.00,2016.0,Acura,Acura,51654
208,32997.00,2016.0,Acura,Acura,76856
209,39988.00,2013.0,Land,Range Rover,99000
210,58988.00,2015.0,Land,Range Rover,79000
211,36988.00,2013.0,Land,Range Rover,99000
212,59995.00,2015.0,Porsche,Porsc,84582
213,62995.00,2016.0,Porsche,Porsc,51494
214,31995.00,2015.0,BMW,BMWX3,59854
215,33899.00,2013.0,Mercedes-Benz,Merce,57700
216,47300.00,2018.0,Mazda,Mazda,14340
217,35888.00,2014.0,Audi,AudiQ,63700
218,44888.00,2018.0,Dodge,Dodge,42170
219,36977.00,2013.0,Porsche,Porsc,97294
220,44800.00,2015.0,Porsche,Porsc,93001
221,43800.00,2015.0,Land,"LR4 HSE,",94085
222,52800.00,2015.0,BMW,BMWX6,50920
223,36377.00,2017.0,Jeep,JeepW,31234
224,38997.00,2016.0,Jeep,JeepG,86544
225,31977.00,2016.0,Mercedes-Benz,Merce,45910
226,35900.00,2017.0,Audi,AudiQ,55089
227,79887.00,2018.0,Mercedes-Benz,Merce,22269
228,33295.00,2018.0,Hyundai,Hyund,22155
229,42888.00,2018.0,VOLKSWAGEN,VOLKS,24000
230,47777.00,2017.0,Jeep,JeepG,44077
231,39997.00,2017.0,Jeep,JeepG,42041
232,31997.00,2015.0,Jeep,JeepG,40333
233,32988.00,2016.0,Ford,FordE,53430
234,45700.00,2016.0,Toyota,Toyot,41230
235,36800.00,2015.0,BMW,BMWX4,74393
236,49800.00,2014.0,Porsche,Porsc,75634
237,33800.00,2014.0,Mercedes-Benz,Merce,93195
238,45800.00,2014.0,BMW,BMWX5,77736
239,43800.00,2014.0,BMW,BMWX5,47336
240,44800.00,2013.0,Mercedes-Benz,Merce,96010
241,41800.00,2015.0,Land,"Evoque DYNAMIC,",55258
242,34800.00,2013.0,BMW,BMWX6,86000
243,37800.00,2014.0,Audi,AudiQ,76838
244,34800.00,2015.0,Audi,AudiQ,74533
245,35899.00,2017.0,Jeep,JeepW,43172
246,37599.00,2016.0,GMC,GMCAc,62022
247,45399.00,2014.0,Land,LR4 HSE,58611
248,48800.00,2015.0,BMW,BMWX5,59628
249,54995.00,2017.0,Lexus,Lexus,18755
250,39500.00,2016.0,Toyota,Toyot,50543
251,41995.00,2017.0,GMC,GMCAc,23323
252,51888.00,2015.0,BMW,BMWX6,40000
253,37603.00,2017.0,Acura,Acura,25103
254,48889.00,2018.0,Mercedes-Benz,Merce,17901
255,36995.00,2015.0,Lexus,Lexus,68236
257,58710.00,2016.0,Land,Range Rover,81188
258,30882.00,2017.0,Toyota,Toyot,20452
259,36995.00,2015.0,Toyota,Toyot,57419
260,42995.00,2018.0,Toyota,Toyot,17034
261,32995.00,2015.0,Toyota,Toyot,58766
262,31398.00,2016.0,Toyota,Toyot,45386
263,43529.00,2017.0,Toyota,Toyot,31050
264,54995.00,2017.0,Mercedes-Benz,Merce,19246
265,51995.00,2017.0,Mercedes-Benz,Merce,11814
266,79995.00,2017.0,Land,Range Rover,13644
267,59995.00,2017.0,Mercedes-Benz,Merce,20026
268,45995.00,2017.0,Mercedes-Benz,Merce,49712
269,43995.00,2016.0,Audi,AudiS,61998
270,57910.00,2013.0,Mercedes-Benz,Merce,91116
271,41997.00,2017.0,Acura,Acura,47358
272,36650.00,2017.0,Acura,Acura,36770
273,30495.00,2015.0,Audi,AudiQ,62686
274,33495.00,2015.0,Mercedes-Benz,Merce,52037
275,33877.00,2015.0,Jeep,JeepW,50232
276,42790.00,2014.0,BMW,BMWX5,68758
277,56988.00,2015.0,Cadillac,Cadil,74482
278,48889.00,2018.0,Mercedes-Benz,Merce,17901
279,34888.00,2015.0,AUDI,AUDIQ,79000
280,32594.00,2014.0,Mercedes-Benz,Merce,89235
281,47887.00,2017.0,Acura,Acura,16705
282,34977.00,2014.0,Audi,AudiQ,72587
283,41800.00,2014.0,Audi,AudiS,40385
284,79910.00,2016.0,Land,Range Rover,52300
285,73910.00,2014.0,Land,Range Rover,74772
286,55860.00,2014.0,Porsche,Porsc,75952
287,38860.00,2015.0,Mercedes-Benz,Merce,77321
288,35780.00,2015.0,Mercedes-Benz,Merce,82297
289,38800.00,2016.0,Subaru,Subar,49416
290,41988.00,2013.0,Porsche,Porsc,72311
291,59988.00,2015.0,Porsche,Porsc,41332
292,39988.00,2013.0,Porsche,Porsc,95667
293,47888.00,2015.0,MERCEDES,MERCE,79000
294,32885.00,2017.0,Hyundai,Hyund,25368
295,47750.00,2018.0,Jeep,JeepG,21820
296,41877.00,2018.0,Dodge,Dodge,37184
297,37750.00,2015.0,Jeep,JeepG,72526
298,32799.00,2015.0,BMW,BMWX3,46000
299,79888.00,2017.0,Land,Discovery DIESEL,13650
300,33800.00,2014.0,Mercedes-Benz,Merce,93195
301,32595.00,2017.0,Ford,FordE,30940
302,58988.00,2017.0,Chevrolet,Chevr,21748
303,55490.00,2015.0,BMW,BMWX6,54282
304,56988.00,2015.0,Cadillac,Cadil,74482
305,39998.00,2015.0,Toyota,Toyot,76028
306,33888.00,2017.0,Honda,Honda,42340
307,37999.00,2017.0,Jeep,JeepG,24213
309,43800.00,2014.0,BMW,BMWX5,85792
310,33800.00,2015.0,Mercedes-Benz,Merce,90487
311,38800.00,2016.0,Jeep,JeepW,21502
312,33800.00,2014.0,Mercedes-Benz,Merce,96499
313,38750.00,2015.0,Jeep,JeepG,67930
314,36995.00,2015.0,Jeep,JeepG,98677
315,54688.00,2014.0,Land,Range Rover,86000
316,30658.00,2017.0,Nissan,Nissa,11810
317,36245.00,2015.0,Audi,AudiQ,47001
318,33289.00,2015.0,Dodge,Dodge,74322
319,34294.00,2017.0,Acura,Acura,49784
320,32564.00,2016.0,Acura,Acura,43638
321,33847.00,2016.0,Acura,Acura,59398
322,61890.00,2017.0,Lexus,Lexus,39989
323,34890.00,2015.0,Lexus,Lexus,52117
324,55598.00,2017.0,Lexus,Lexus,20083
325,48800.00,2015.0,BMW,BMWX5,59628
326,31900.00,2015.0,Mercedes-Benz,Merce,71913
327,59998.00,2017.0,Mercedes-Benz,Merce,41508
328,40888.00,2014.0,BMW,BMWX5,79000
329,44800.00,2013.0,Mercedes-Benz,Merce,96010
330,48890.00,2015.0,Lexus,Lexus,80754
331,50598.00,2016.0,Lexus,Lexus,27144
332,53598.00,2017.0,Lexus,Lexus,31529
333,41890.00,2017.0,Lexus,Lexus,39963
334,32347.00,2016.0,Acura,Acura,72703
335,42224.00,2018.0,Acura,Acura,29733
336,39530.00,2017.0,Acura,Acura,71764
337,49800.00,2017.0,Lexus,Lexus,17000
338,36800.00,2013.0,Land,LR4 HSE,69791
339,44589.00,2017.0,Acura,Acura,81271
340,33342.00,2017.0,Acura,Acura,46486
341,43800.00,2016.0,Lexus,Lexus,66155
342,40888.00,2014.0,BMW,BMWX5,79000
343,31478.00,2014.0,Toyota,Toyot,76000
344,38887.00,2017.0,Infiniti,Infin,40031
345,53888.00,2017.0,Jaguar,Jagua,66000
346,38999.00,2015.0,Mercedes-Benz,Merce,61307
347,47999.00,2018.0,Volkswagen,Volks,16003
348,51888.00,2015.0,Mercedes-Benz,Merce,88992
349,42288.00,2017.0,Jeep,JeepW,24908
350,38800.00,2016.0,Jeep,JeepW,21502
351,74990.00,2016.0,Land,Range Rover,33656
352,37603.00,2017.0,Acura,Acura,25103
353,40999.00,2015.0,Mercedes-Benz,Merce,62405
354,39500.00,2016.0,Toyota,Toyot,50543
355,43488.00,2015.0,BMW,BMWX5,60485
356,56888.00,2016.0,Mercedes-Benz,Merce,48396
357,35480.00,2017.0,Jeep,JeepW,47922
358,43995.00,2017.0,Ford,FordE,13568
359,47226.00,2017.0,Acura,Acura,25463
360,31000.00,2015.0,Audi,AudiQ,76000
361,61810.00,2016.0,Land,Range Rover,39514
362,35974.00,2017.0,Ford,FordE,69262
363,35949.00,2017.0,Jeep,JeepG,61497
364,35474.00,2017.0,Ford,FordE,72199
365,42987.00,2018.0,Ford,FordE,18622
366,49993.00,2018.0,Chevrolet,Chevr,23797
367,30999.00,2017.0,Ford,FordF,74121
368,36933.00,2018.0,Ford,FordF,25187
369,64900.00,2017.0,Mercedes-Benz,Merce,17000
370,35391.00,2017.0,Acura,Acura,38663
371,30269.00,2016.0,Acura,Acura,26921
372,65000.00,2017.0,Infiniti,Infin,15259
373,35000.00,2015.0,Infiniti,Infin,29066
374,35742.00,2016.0,Acura,Acura,50314
375,34990.00,2015.0,Audi,AudiQ,95428
376,38988.00,2015.0,Mercedes-Benz,Merce,62243
377,51888.00,2015.0,Mercedes-Benz,Merce,88992
378,56988.00,2015.0,Cadillac,Cadil,74482
379,32000.00,2015.0,Land,Range Rover,43000
380,39998.00,2017.0,Dodge,Dodge,54577
381,34898.00,2017.0,Dodge,Dodge,53854
382,33888.00,2016.0,Audi,AudiQ,40192
383,61396.00,2018.0,Audi,AudiS,29078
384,59893.00,2017.0,Porsche,Porsc,18007
385,35800.00,2015.0,Lexus,Lexus,65150
386,40500.00,2016.0,Lexus,Lexus,15850
387,65800.00,2015.0,BMW,BMWX6,74833
388,53800.00,2017.0,Lexus,Lexus,18549
389,30000.00,2014.0,Mercedes-Benz,Merce,89659
390,42694.00,2017.0,Land,Range Rover,34004
391,32230.00,2017.0,Honda,Honda,85981
392,34803.00,2016.0,Honda,Honda,98941
393,33260.00,2016.0,Honda,Honda,74102
394,30000.00,2016.0,Ford,FordE,45000
395,54888.00,2016.0,Porsche,Porsc,70000
396,34990.00,2015.0,Lincoln,Linco,43787
397,39468.00,2018.0,Chrysler,Chrys,32986
398,48750.00,2018.0,Jeep,JeepG,13496
399,52750.00,2018.0,Jeep,JeepG,11015
400,66900.00,2017.0,GMC,GMCYu,29049
401,48500.00,2018.0,Chevrolet,Chevr,35055
402,32000.00,2015.0,Land,Range Rover,43000
403,43800.00,2014.0,BMW,BMWX5,85792
404,56988.00,2015.0,Cadillac,Cadil,74482
405,30999.00,2014.0,Mercedes-Benz,Merce,68645
406,37495.00,2015.0,Audi,AudiQ,49489
407,65985.00,2016.0,Land,Range Rover,45000
408,33650.00,2017.0,BMW,BMWX3,80358
409,53498.00,2015.0,Mercedes-Benz,Merce,83276
410,79888.00,2017.0,Mercedes-Benz,Merce,45230
411,40000.00,2016.0,Envision,Buick,34000
412,41999.00,2018.0,Jeep,JeepW,23736
413,41999.00,2018.0,Jeep,JeepW,27891
414,32495.00,2016.0,Nissan,Nissa,39329
415,36995.00,2017.0,Chrysler,Chrys,22566
416,33503.00,2018.0,Ford,FordF,51786
417,39500.00,2018.0,Ford,FordE,13900
418,54510.00,2014.0,Land,Range Rover,88999
419,33888.00,2014.0,AUDI,AUDIQ,76000
420,51888.00,2015.0,BMW,BMWX6,40000
421,34888.00,2015.0,MERCEDES,MERCE,58000
422,42888.00,2018.0,VOLKSWAGEN,VOLKS,27000
423,42888.00,2018.0,VOLKSWAGEN,VOLKS,24000
424,34888.00,2015.0,AUDI,AUDIQ,79000
425,38961.00,2016.0,Acura,Acura,55512
426,74990.00,2016.0,Land,Range Rover,33656
427,36600.00,2017.0,BMW,BMWX1,35950
428,41888.00,2017.0,BMW,BMWX3,68010
429,45399.00,2014.0,Land,LR4 HSE,58611
430,46850.00,2018.0,Chrysler,Chrys,17872
431,43987.00,2017.0,Chrysler,Chrys,32596
432,51900.00,2015.0,Porsche,Porsc,65498
433,35900.00,2014.0,Volkswagen,Volks,68100
434,54900.00,2016.0,GMC,GMCYu,95000
435,36900.00,2016.0,BMW,BMWX3,52588
436,38810.00,2015.0,Mercedes-Benz,Merce,49606
437,35910.00,2014.0,Land,Range Rover,53503
438,30995.00,2016.0,Jeep,JeepW,88000
439,35994.00,2017.0,Ford,FordF,62393
440,79995.00,2018.0,Porsche,Porsc,16100
441,62995.00,2017.0,Porsche,Porsc,66100
442,31890.00,2015.0,Audi,AudiQ,57400
443,35890.00,2016.0,Audi,AudiQ,56300
444,33977.00,2014.0,Mercedes-Benz,Merce,71542
445,33899.00,2015.0,Jeep,JeepG,94654
446,33236.20,2018.0,Kia,KiaSp,10500
447,30995.00,2017.0,Subaru,Subar,35578
448,65588.00,2016.0,Porsche,Porsc,52305
449,30800.00,2015.0,Mercedes-Benz,Merce,45464
450,42888.00,2018.0,VOLKSWAGEN,VOLKS,24000
451,38988.00,2015.0,Mercedes-Benz,Merce,62243
452,51888.00,2015.0,Mercedes-Benz,Merce,88992
453,40887.00,2016.0,Mercedes-Benz,Merce,51070
454,40999.00,2015.0,Mercedes-Benz,Merce,62405
455,35500.00,2015.0,Toyota,Toyot,99000
456,39977.00,2014.0,Porsche,Porsc,92589
457,71890.00,2018.0,Audi,AudiQ,10350
458,36999.00,2016.0,Honda,Honda,52589
459,59999.00,2015.0,Mercedes-Benz,Merce,37000
460,36999.00,2018.0,Mercedes-Benz,Merce,18115
461,69995.00,2018.0,Mercedes-Benz,Merce,16981
462,35995.00,2016.0,Land,Discovery Sport,46313
463,36333.00,2017.0,NISSAN,NISSA,11208
464,31988.00,2016.0,Ford,FordE,51597
465,39500.00,2018.0,Ford,FordE,13900
466,34988.00,2016.0,Lincoln,Linco,66518
467,37500.00,2016.0,Ford,FordE,55000
468,53888.00,2016.0,Porsche,Porsc,72508
469,34888.00,2013.0,BMW,BMWX6,92832
470,36888.00,2014.0,Mercedes-Benz,Merce,55361
471,66910.00,2016.0,Land,Range Rover,30350
472,59810.00,2015.0,Land,Range Rover,58000
473,49711.00,2016.0,Chevrolet,Chevr,47727
474,39998.00,2016.0,Land,Discovery Sport,36550
475,73700.00,2018.0,Chevrolet,Chevr,18200
476,46990.00,2016.0,Lexus,Lexus,76279
477,51888.00,2015.0,Mercedes-Benz,Merce,88992
478,43800.00,2014.0,BMW,BMWX5,47336
479,58888.00,2017.0,Jeep,JeepG,78221
480,39500.00,2016.0,Toyota,Toyot,50543
481,34990.00,2015.0,Audi,AudiQ,66088
482,39900.00,2015.0,Mercedes-Benz,Merce,47152
483,50910.00,2016.0,Porsche,Porsc,69195
484,65857.00,2017.0,Audi,AudiQ,77451
485,48999.00,2016.0,Audi,AudiS,17200
486,36999.00,2016.0,Audi,AudiQ,20266
487,34860.00,2015.0,Mercedes-Benz,Merce,89765
488,32588.00,2016.0,Acura,Acura,42296
490,32888.00,2014.0,Land,Range Rover,79188
492,56800.00,2017.0,Audi,AudiQ,48729
493,66488.00,2017.0,Mercedes-Benz,Merce,12495
494,58893.00,2017.0,Porsche,Porsc,45762
495,72893.00,2018.0,Porsche,Porsc,14200
496,34998.00,2018.0,GMC,GMCTe,15574
497,31999.00,2015.0,Audi,AudiQ,47754
498,32000.00,2015.0,Toyota,Toyot,59000
499,34999.00,2016.0,Nissan,Nissa,36667
500,38800.00,2016.0,Jeep,JeepW,21502
501,31488.00,2015.0,Acura,Acura,70084
502,51388.00,2015.0,Porsche,Porsc,43688
503,47777.00,2017.0,Jeep,JeepG,44077
504,41999.00,2015.0,Mercedes-Benz,Merce,74890
505,33333.00,2018.0,Ford,FordE,22681
506,74900.00,2016.0,BMW,BMWX6,42000
507,40700.00,2016.0,Toyota,Toyot,18576
508,57981.00,2015.0,Cadillac,Cadil,66789
509,36900.00,2017.0,Honda,Honda,39500
510,33549.00,2018.0,Subaru,Subar,16955
511,56988.00,2015.0,Cadillac,Cadil,74482
512,33000.00,2017.0,Mazda,Mazda,16766
513,36488.00,2015.0,Lexus,Lexus,49800
514,36707.00,2015.0,Toyota,Toyot,58200
515,32000.00,2015.0,Mercedes-Benz,Merce,55000
516,35000.00,2015.0,"Lincoln,",Linco,45000
517,31977.00,2016.0,Mercedes-Benz,Merce,45910
518,47800.00,2013.0,Mercedes-Benz,Merce,64191
519,35788.00,2016.0,Honda,Honda,45445
520,46888.00,2017.0,Land,Range Rover,19169
521,33200.00,2018.0,Hyundai,Hyund,28963
522,33295.00,2018.0,Hyundai,Hyund,22155
523,32800.00,2014.0,Lexus,Lexus,40900
524,30950.00,2015.0,Acura,Acura,68000
525,48889.00,2018.0,Mercedes-Benz,Merce,17901
526,42998.00,2015.0,Mercedes-Benz,Merce,46483
527,56888.00,2016.0,Mercedes-Benz,Merce,48396
528,36600.00,2017.0,BMW,BMWX1,35950
529,36500.00,2015.0,Audi,AudiQ,79997
530,32396.00,2016.0,Acura,Acura,51307
531,41788.00,2016.0,Acura,Acura,44933
532,65893.00,2016.0,Porsche,Porsc,44138
533,36999.00,2015.0,Mercedes-Benz,Merce,77890
534,77893.00,2016.0,Porsche,Porsc,63287
535,62800.00,2016.0,Mercedes-Benz,Merce,69319
536,53800.00,2017.0,Lexus,Lexus,22135
537,39681.00,2016.0,Toyota,Toyot,55775
538,31000.00,2017.0,Kia,KiaSo,13215
539,32995.00,2016.0,LEXUS,LEXUS,44000
541,35500.00,2015.0,Lexus,Lexus,53600
542,34890.00,2017.0,Audi,AudiQ,30950
543,32890.00,2015.0,Audi,AudiQ,44200
544,62890.00,2018.0,Audi,AudiQ,11450
545,58888.00,2017.0,Jeep,JeepG,78221
546,41882.00,2018.0,Chrysler,Chrys,23123
547,48988.00,2018.0,Chrysler,Chrys,13934
548,30999.00,2016.0,Audi,AudiQ,35185
549,37988.00,2015.0,Lexus,Lexus,44563
550,44800.00,2013.0,Mercedes-Benz,Merce,96010
551,48500.00,2018.0,Chevrolet,Chevr,35055
552,79887.00,2018.0,Mercedes-Benz,Merce,22269
553,41888.00,2017.0,BMW,BMWX3,68010
554,55598.00,2017.0,Lexus,Lexus,20083
555,35288.00,2016.0,Acura,Acura,64035
556,31995.00,2016.0,Acura,Acura,80704
557,49995.00,2014.0,Land,Range Rover,93000
558,41384.00,2015.0,BMW,BMWX5,50903
559,49277.00,2018.0,Jeep,JeepG,13202
560,35377.00,2015.0,Jeep,JeepG,70550
561,39777.00,2013.0,Cadillac,Cadil,82500
562,33995.00,2013.0,BMW,BMWX6,85320
563,31488.00,2015.0,Honda,Honda,91920
564,59999.00,2015.0,Mercedes-Benz,Merce,62000
565,31995.00,2016.0,Jeep,JeepW,94203
566,60800.00,2015.0,Porsche,Porsc,84624
567,73800.00,2016.0,Cadillac,Cadil,45315
568,47900.00,2013.0,BMW,BMWX5,66446
569,32997.00,2015.0,Jeep,JeepG,88231
570,36950.00,2016.0,Honda,Honda,39385
571,59888.00,2017.0,Porsche,Porsc,23088
572,44800.00,2015.0,Mercedes-Benz,Merce,36978
573,34861.00,2017.0,Jeep,JeepG,51313
574,69995.00,2018.0,Volvo,Volvo,16553
575,33800.00,2014.0,Mercedes-Benz,Merce,96499
576,69990.00,2017.0,Jaguar,Jagua,25572
577,34990.00,2015.0,Audi,AudiQ,95428
578,43800.00,2014.0,BMW,BMWX5,85792
579,34888.00,2015.0,AUDI,AUDIQ,79000
580,61800.00,2014.0,Land,Range Rover,53222
581,36995.00,2015.0,Mercedes-Benz,Merce,62000
582,33995.00,2015.0,Lexus,Lexus,49720
583,46995.00,2014.0,Jeep,JeepG,52021
584,34824.00,2016.0,Jeep,JeepW,33710
585,45690.00,2014.0,Land,Range Rover,94322
586,45995.00,2017.0,Toyota,Toyot,47483
587,60888.00,2017.0,Mercedes-Benz,Merce,12277
588,33999.00,2015.0,Mercedes-Benz,Merce,89400
589,36420.00,2017.0,Ford,FordE,28555
590,45988.00,2017.0,BMW,BMWX5,55330
591,39100.00,2017.0,Honda,Honda,61900
592,35900.00,2015.0,Toyota,Toyot,69304
593,32689.00,2015.0,Acura,Acura,63996
594,35488.00,2016.0,Honda,Honda,81128
595,40925.00,2018.0,Jeep,JeepW,21970
596,56995.00,2017.0,Porsche,Porsc,22850
597,36888.00,2016.0,Honda,Honda,38417
598,32995.00,2016.0,Toyota,Toyot,11515
599,43995.00,2016.0,BMW,BMWX4,20306
600,42888.00,2018.0,VOLKSWAGEN,VOLKS,27000
601,59995.00,2017.0,Chevrolet,Chevr,52786
602,40999.00,2015.0,Mercedes-Benz,Merce,62405
603,79887.00,2018.0,Mercedes-Benz,Merce,22269
604,73700.00,2018.0,Chevrolet,Chevr,18200
605,50988.00,2015.0,Mercedes-Benz,Merce,82349
606,39500.00,2016.0,Toyota,Toyot,59500
607,34999.00,2014.0,Land,Range Rover,57000
608,30590.00,2015.0,Honda,Honda,80800
609,45500.00,2015.0,Lexus,Lexus,65000
610,33000.00,2018.0,Nissan,Nissa,10280
611,33765.00,2016.0,Acura,Acura,16753
612,32950.00,2015.0,Land,Range Rover,68900
613,32000.00,2018.0,Kia,KiaNi,11000
614,40888.00,2015.0,Audi,AudiQ,99000
615,36988.00,2014.0,Audi,AudiQ,77000
616,39988.00,2013.0,Land,Range Rover,79000
617,38988.00,2013.0,Porsche,Porsc,89000
618,55888.00,2015.0,Land,Range Rover,94000
619,52888.00,2015.0,Porsche,Porsc,58000
620,39888.00,2014.0,Audi,AudiQ,79000
621,39888.00,2014.0,Audi,AudiQ,63000
622,38988.00,2014.0,Audi,AudiQ,59000
623,51800.00,2014.0,Mercedes-Benz,Merce,84542
624,31688.00,2016.0,Acura,Acura,85730
625,33888.00,2014.0,AUDI,AUDIQ,76000
626,48690.00,2018.0,BMW,BMWX3,22256
627,42888.00,2018.0,VOLKSWAGEN,VOLKS,27000
628,30950.00,2015.0,Acura,Acura,68000
629,55490.00,2015.0,BMW,BMWX6,54282
630,60800.00,2017.0,BMW,BMWX6,55186
631,38800.00,2015.0,Mercedes-Benz,Merce,78527
632,44899.00,2017.0,Dodge,Dodge,24867
633,36777.00,2013.0,Land,Range Rover,83987
634,68893.00,2015.0,Porsche,Porsc,23929
635,33800.00,2015.0,Land,Range Rover,58000
636,50900.00,2016.0,Infiniti,Infin,43875
637,43750.00,2018.0,Jeep,JeepG,11098
638,38999.00,2013.0,Porsche,Porsc,68639
639,33719.00,2017.0,Jeep,JeepG,42112
640,46987.00,2017.0,Jeep,JeepG,18350
641,38971.00,2018.0,Jeep,JeepG,31215
642,47988.00,2018.0,Mazda,Mazda,14989
643,32988.00,2018.0,Mazda,Mazda,10634
644,54999.00,2017.0,Lexus,Lexus,19010
645,41888.00,2017.0,BMW,BMWX3,68010
646,74995.00,2016.0,BMW,BMWX6,58000
647,33995.00,2013.0,Volkswagen,Volks,77000
648,36495.00,2015.0,Toyota,Toyot,84000
649,39995.00,2015.0,Land,Range Rover,64000
650,47777.00,2017.0,Jeep,JeepG,44077
651,74990.00,2016.0,Land,Range Rover,33656
652,39500.00,2016.0,Toyota,Toyot,48125
653,35998.00,2016.0,Mercedes-Benz,Merce,92050
654,36333.00,2017.0,NISSAN,NISSA,11208
655,31988.00,2015.0,Audi,AudiQ,72000
656,31478.00,2014.0,Toyota,Toyot,61000
657,30888.00,2013.0,Mercedes-Benz,Merce,75000
658,41900.00,2017.0,Mazda,Mazda,10400
659,50347.00,2018.0,Mazda,Mazda,10000
660,35618.00,2017.0,Kia,KiaSp,13105
661,35990.00,2015.0,Land,Range Rover,27000
662,33900.00,2017.0,Dodge,Dodge,42929
663,38961.00,2016.0,Acura,Acura,55512
664,55799.00,2016.0,Porsche,Porsc,53000
665,31900.00,2017.0,Hyundai,Hyund,55815
666,49999.00,2016.0,Mercedes-Benz,Merce,75000
667,58888.00,2017.0,Mercedes-Benz,Merce,14820
668,42695.00,2016.0,Jeep,JeepG,46559
669,32995.00,2016.0,Honda,Honda,71771
670,38888.00,2016.0,Toyota,Toyot,55906
671,62988.00,2016.0,Mercedes-Benz,Merce,57730
672,58988.00,2017.0,Chevrolet,Chevr,21748
673,39900.00,2016.0,Volvo,Volvo,13618
674,60000.00,2017.0,Jaguar,Jagua,10628
675,47888.00,2015.0,MERCEDES,MERCE,79000
676,48889.00,2018.0,Mercedes-Benz,Merce,17079
677,79887.00,2018.0,Mercedes-Benz,Merce,22269
678,41800.00,2015.0,Land,"Evoque DYNAMIC,",55258
679,30950.00,2015.0,Acura,Acura,68000
680,39777.00,2015.0,BMW,BMWX5,80598
681,31878.00,2015.0,Toyota,Toyot,93000
682,69888.00,2018.0,Volvo,Volvo,13526
683,30999.00,2015.0,Lexus,Lexus,89400
684,32706.00,2016.0,Honda,Honda,70794
685,36999.00,2016.0,Audi,AudiQ,21074
686,33999.00,2016.0,Audi,AudiQ,41596
687,53997.00,2017.0,Acura,Acura,27934
688,65095.00,2018.0,Audi,AudiS,22790
689,32999.00,2015.0,Lexus,Lexus,38000
690,50888.00,2017.0,Volvo,Volvo,40084
691,43981.00,2017.0,INFINITI,INFIN,52352
692,53990.00,2017.0,Lincoln,Linco,51897
693,36499.00,2015.0,Audi,AudiQ,76171
694,47950.00,2014.0,Mercedes-Benz,Merce,80000
695,40499.00,2017.0,Volkswagen,Volks,44000
696,30995.00,2014.0,Volvo,Volvo,71112
698,36498.00,2016.0,Mercedes-Benz,Merce,93859
699,32997.00,2015.0,INFINITI,INFIN,48314
700,32000.00,2015.0,Land,Range Rover,43000
701,42990.00,2015.0,Land,Range Rover,33229
702,36500.00,2015.0,Audi,AudiQ,79997
703,58988.00,2017.0,Chevrolet,Chevr,21748
704,34900.00,2017.0,Toyota,Toyot,55160
705,68998.00,2014.0,Land,Range Rover,76727
706,74598.00,2018.0,Mercedes-Benz,Merce,13340
707,44387.00,2016.0,Lexus,Lexus,70505
708,46798.00,2016.0,Mercedes-Benz,Merce,75573
709,77998.00,2018.0,Mercedes-Benz,Merce,12745
710,41447.00,2017.0,Acura,Acura,31017
711,69988.00,2017.0,Infiniti,Infin,21573
712,38988.00,2018.0,Nissan,Nissa,19631
713,37603.00,2017.0,Acura,Acura,25103
714,53995.00,2017.0,Land,Discovery Sport,10215
715,65988.00,2016.0,Mercedes-Benz,Merce,17223
716,31950.00,2017.0,Audi,AudiQ,99000
717,32675.00,2015.0,Acura,Acura,95577
718,34688.00,2016.0,Acura,Acura,31060
719,36000.00,2014.0,Toyota,Toyot,99000
720,73900.00,2015.0,Land,Range Rover,52778
721,46995.00,2013.0,Mercedes-Benz,Merce,62256
722,41888.00,2015.0,Lincoln,Linco,73500
723,63888.00,2017.0,Lexus,Lexus,11070
724,51988.00,2014.0,Mercedes-Benz,Merce,78639
725,32000.00,2015.0,Land,Range Rover,43000
726,74990.00,2015.0,Land,Range Rover,49992
727,47887.00,2017.0,Acura,Acura,16705
728,40887.00,2016.0,Mercedes-Benz,Merce,51070
729,59998.00,2017.0,Mercedes-Benz,Merce,41508
730,46999.00,2016.0,Infiniti,Infin,81975
731,40995.00,2015.0,Lexus,Lexus,79680
732,64489.00,2015.0,Mercedes-Benz,Merce,61118
733,31423.00,2015.0,Mercedes-Benz,Merce,81324
734,31498.00,2017.0,Mitsubishi,Mitsu,31898
735,31998.00,2018.0,Mitsubishi,Mitsu,10924
736,54800.00,2015.0,Porsche,Porsc,79200
738,35999.00,2015.0,Jeep,JeepG,32648
739,53998.00,2015.0,BMW,BMWX6,86779
740,57998.00,2015.0,Cadillac,Cadil,80865
741,36553.00,2016.0,Honda,Honda,43804
742,31995.00,2015.0,BMW,BMWX3,40000
743,31995.00,2016.0,Acura,Acura,99575
744,43995.00,2015.0,Audi,AudiS,83624
745,58995.00,2016.0,Porsche,Porsc,78050
746,42694.00,2018.0,Acura,Acura,18601
747,43000.00,2015.0,Lexus,Lexus,39600
748,35950.00,2015.0,BMW,BMWX5,99000
749,37395.00,2016.0,Honda,Honda,35713
750,34997.00,2015.0,Mercedes-Benz,Merce,72041
751,35897.00,2017.0,Jeep,JeepW,35311
752,38961.00,2016.0,Acura,Acura,55512
753,44800.00,2013.0,Mercedes-Benz,Merce,96010
754,55490.00,2015.0,BMW,BMWX6,54282
755,63988.00,2016.0,Cadillac,Cadil,76211
756,31880.00,2015.0,Acura,Acura,96250
757,65888.00,2015.0,Land,Range Rover,59530
758,32995.00,2015.0,Toyota,Toyot,86928
759,34100.00,2015.0,Toyota,Toyot,95358
760,46788.00,2017.0,Jeep,JeepG,21000
761,63800.00,2016.0,Land,Range Rover,56697
762,51800.00,2016.0,Mercedes-Benz,Merce,64007
763,41995.00,2017.0,Toyota,Toyot,34101
764,31900.00,2017.0,Toyota,Toyot,26909
765,37400.00,2015.0,Mercedes-Benz,Merce,66000
766,36850.00,2014.0,BMW,BMWX5,80867
767,42900.00,2017.0,Mercedes-Benz,Merce,42680
768,32900.00,2016.0,Lincoln,Linco,72000
769,61800.00,2016.0,Porsche,Porsc,23931
770,30888.00,2018.0,Dodge,Dodge,17715
771,63800.00,2016.0,Mercedes-Benz,Merce,74527
772,57800.00,2016.0,BMW,BMWX6,52725
773,51800.00,2016.0,BMW,BMWX5,79480
774,79999.00,2015.0,Range,Range,51300
775,35400.00,2016.0,Ford,FordE,95019
776,56988.00,2015.0,BMW,BMWX6,77677
777,34990.00,2015.0,Audi,AudiQ,95428
778,56988.00,2015.0,Cadillac,Cadil,74482
779,49800.00,2014.0,Porsche,Porsc,75634
780,64900.00,2016.0,Land,Range Rover,62000
781,40594.72,2014.0,Porsche,Porsc,97945
782,68999.00,2016.0,Land,Range Rover,39000
783,58999.00,2015.0,Land,Range Rover,88875
784,40899.00,2017.0,Jeep,JeepG,16158
785,49999.00,2016.0,Mercedes-Benz,Merce,66584
786,30999.00,2015.0,Audi,AudiQ,80229
787,37800.00,2015.0,Lexus,Lexus,58500
788,44888.00,2017.0,Volvo,Volvo,17247
789,50988.00,2017.0,Lexus,Lexus,12551
790,31388.00,2015.0,Honda,Honda,89050
791,39899.00,2016.0,Land,Discovery Sport,47174
792,32887.00,2018.0,Jeep,JeepC,19000
793,32888.00,2015.0,Mercedes-Benz,Merce,63124
794,45000.00,2017.0,Toyota,Toyot,90885
795,72999.00,2015.0,Porsche,Porsc,49803
796,40499.00,2017.0,Jeep,JeepG,26025
797,42995.00,2015.0,Lexus,Lexus,33622
798,49493.00,2017.0,Jeep,JeepG,11505
799,44750.00,2018.0,Jeep,JeepG,39445
800,32995.00,2016.0,Toyota,Toyot,11515
801,39990.00,2016.0,Land,Range Rover,68230
802,33800.00,2014.0,Mercedes-Benz,Merce,96499
803,51888.00,2015.0,Mercedes-Benz,Merce,88992
804,47887.00,2017.0,Acura,Acura,16705
805,39980.00,2018.0,Chrysler,Chrys,28114
806,44500.00,2018.0,Jeep,JeepG,28344
807,44880.00,2015.0,Porsche,Porsc,57000
808,79995.00,2018.0,Porsche,Porsc,12500
809,30999.00,2015.0,Toyota,Toyot,78000
810,49995.00,2014.0,Porsche,Porsc,43700
811,36995.00,2016.0,Jeep,JeepW,35389
812,48995.00,2015.0,Porsche,Porsc,71380
813,31899.00,2015.0,Infiniti,Infin,34677
814,56688.00,2018.0,Jaguar,Jagua,25000
815,47500.00,2016.0,Lexus,Lexus,34600
816,41999.00,2015.0,Audi,AudiQ,71032
817,38999.00,2016.0,Audi,AudiQ,60366
818,55800.00,2015.0,BMW,BMWX6,58920
819,48800.00,2017.0,Volvo,Volvo,15378
820,59995.00,2015.0,Mercedes-Benz,Merce,48000
821,38995.00,2017.0,Jeep,JeepG,56000
822,41995.00,2016.0,Lexus,Lexus,66540
823,40799.00,2015.0,Land,Range Rover,43000
824,48999.00,2018.0,Audi,AudiQ,20473
825,42988.00,2018.0,Lincoln,Linco,28688
826,41995.00,2017.0,GMC,GMCAc,23323
827,38500.00,2016.0,Jeep,JeepG,85000
828,55598.00,2017.0,Lexus,Lexus,20083
829,35990.00,2015.0,Land,Range Rover,27000
830,55188.00,2015.0,Land,Range Rover,48000
831,39000.00,2015.0,BMW,BMWX5,95000
832,52988.00,2015.0,Mercedes-Benz,Merce,31549
833,31988.00,2014.0,Mercedes-Benz,Merce,93079
834,36988.00,2014.0,Mercedes-Benz,Merce,66170
835,37988.00,2015.0,Mercedes-Benz,Merce,77457
836,52988.00,2016.0,Mercedes-Benz,Merce,46000
837,58800.00,2015.0,Mercedes-Benz,Merce,61631
838,38500.00,2017.0,Ford,FordE,32000
839,38388.00,2018.0,Honda,Honda,17701
840,34995.00,2015.0,Jeep,JeepG,55878
841,32488.00,2015.0,Acura,Acura,66785
842,44995.00,2015.0,Mercedes-Benz,Merce,40000
843,41995.00,2015.0,Jeep,JeepG,74610
844,59999.00,2014.0,Land,Range Rover,42788
845,72999.00,2017.0,Cadillac,Cadil,67830
846,33000.00,2015.0,Mercedes-Benz,Merce,45000
847,40977.00,2013.0,Porsche,Porsc,63166
848,63988.00,2015.0,Mercedes-Benz,Merce,34223
849,30288.00,2015.0,Audi,AudiQ,58312
850,41999.00,2015.0,Mercedes-Benz,Merce,74890
851,48500.00,2018.0,Chevrolet,Chevr,35055
852,36887.00,2018.0,Mercedes-Benz,Merce,16690
853,47777.00,2017.0,Jeep,JeepG,44077
854,35998.00,2018.0,Mercedes-Benz,Merce,21586
855,33977.00,2015.0,Mercedes-Benz,Merce,88251
856,36988.00,2015.0,Mercedes-Benz,Merce,56000
857,44988.00,2015.0,Mercedes-Benz,Merce,48457
858,30354.00,2015.0,Acura,Acura,58745
859,48765.00,2017.0,JEEP,JEEPT,43210
860,36494.00,2015.0,Mercedes-Benz,Merce,66340
861,38888.00,2016.0,INFINITI,INFIN,49365
862,44497.00,2017.0,Mercedes-Benz,Merce,13368
863,41979.00,2017.0,Mercedes-Benz,Merce,39510
864,55798.00,2015.0,BMW,BMWX6,37777
865,52998.00,2016.0,Lexus,Lexus,28242
866,36988.00,2016.0,Infiniti,Infin,17964
867,44585.00,2018.0,Jeep,JeepA,14465
868,54988.00,2015.0,Mercedes-Benz,Merce,80463
869,33599.00,2016.0,Toyota,Toyot,45000
870,40999.00,2015.0,Mercedes-Benz,Merce,62405
871,48888.00,2014.0,Land,Range Rover,66200
872,68800.00,2015.0,Land,Range Rover,74343
873,32995.00,2017.0,Subaru,Subar,11743
874,32388.00,2016.0,Audi,AudiQ,78836
875,33800.00,2014.0,Mercedes-Benz,Merce,96499
876,48889.00,2018.0,Mercedes-Benz,Merce,17079
877,38500.00,2016.0,Jeep,JeepG,85000
878,56888.00,2016.0,Mercedes-Benz,Merce,48396
879,40888.00,2014.0,BMW,BMWX5,79000
880,38879.00,2015.0,Audi,AudiQ,77463
881,44995.00,2016.0,Mercedes-Benz,Merce,56000
882,46998.00,2018.0,Land,Range Rover,21868
883,32899.00,2018.0,Jeep,JeepC,25486
884,41770.00,2018.0,Dodge,Dodge,31666
885,31888.00,2017.0,Ford,FordE,35681
886,43680.00,2018.0,Jeep,JeepG,29362
887,43780.00,2018.0,Jeep,JeepG,25511
888,30488.00,2016.0,Honda,Honda,18850
889,38195.00,2016.0,Honda,Honda,43574
890,50985.00,2016.0,Mercedes-Benz,Merce,48485
891,56998.00,2017.0,Porsche,Porsc,20154
892,35998.00,2016.0,Mercedes-Benz,Merce,92050
893,38998.00,2017.0,Jeep,JeepG,40634
894,36887.00,2018.0,Mercedes-Benz,Merce,16690
895,37498.00,2017.0,Jeep,JeepW,36871
896,47598.00,2016.0,Mercedes-Benz,Merce,76008
897,36799.00,2015.0,Mercedes-Benz,Merce,54317
898,38499.00,2015.0,Mercedes-Benz,Merce,48959
899,34997.00,2015.0,Mercedes-Benz,Merce,72041
900,41888.00,2017.0,BMW,BMWX3,68010
901,42995.00,2018.0,Dodge,Dodge,18574
902,32995.00,2016.0,Toyota,Toyot,11515
903,32000.00,2015.0,Land,Range Rover,43000
904,38500.00,2016.0,Jeep,JeepG,85000
905,43498.00,2017.0,Mercedes-Benz,Merce,30716
906,32994.00,2017.0,Mercedes-Benz,Merce,31813
907,59998.00,2017.0,Mercedes-Benz,Merce,41508
908,79887.00,2018.0,Mercedes-Benz,Merce,22269
909,50987.00,2016.0,Mercedes-Benz,Merce,34499
910,43494.00,2017.0,Mercedes-Benz,Merce,33076
911,49998.00,2018.0,Mercedes-Benz,Merce,18194
912,41773.00,2017.0,Jeep,JeepG,39607
913,42798.00,2017.0,Mercedes-Benz,Merce,23155
914,33449.00,2015.0,Mercedes-Benz,Merce,81663
915,55490.00,2015.0,BMW,BMWX6,54282
916,31788.00,2016.0,Acura,Acura,45904
917,40887.00,2016.0,Mercedes-Benz,Merce,51070
918,66888.00,2018.0,Jaguar,Jagua,22364
919,42498.00,2017.0,Land,Discovery Sport,12762
920,47799.00,2016.0,Mercedes-Benz,Merce,71346
921,40498.00,2017.0,INFINITI,INFIN,40574
922,35998.00,2017.0,Buick,Buick,18570
923,30995.00,2014.0,Audi,AudiS,96000
924,43500.00,2015.0,Mercedes,Merce,71000
925,35998.00,2017.0,Buick,Buick,18570
926,38988.00,2015.0,Mercedes-Benz,Merce,62243
927,42888.00,2018.0,VOLKSWAGEN,VOLKS,24000
928,73700.00,2018.0,Chevrolet,Chevr,18200
929,58988.00,2017.0,Chevrolet,Chevr,21748
930,35788.00,2015.0,Mercedes-Benz,Merce,77000
931,60800.00,2014.0,Land,Range Rover,65907
932,79900.00,2015.0,Land,Range Rover,59000
933,49999.00,2013.0,Porsche,Porsc,63000
934,33777.00,2013.0,Land,Range Rover,92700
935,30297.00,2017.0,Nissan,Nissa,17330
936,32721.00,2016.0,Honda,Honda,73347
937,47995.00,2018.0,Dodge,Dodge,22500
938,33999.00,2015.0,Jeep,JeepG,54000
939,59800.00,2015.0,Porsche,Porsc,60503
940,67998.00,2017.0,Audi,AudiQ,25223
941,33998.00,2015.0,Mercedes-Benz,Merce,88552
942,51498.00,2017.0,Nissan,Nissa,28957
943,48889.00,2018.0,Mercedes-Benz,Merce,17079
944,35998.00,2018.0,Mercedes-Benz,Merce,21586
945,48889.00,2018.0,Mercedes-Benz,Merce,20053
946,48889.00,2018.0,Mercedes-Benz,Merce,17901
947,49998.00,2016.0,Porsche,Porsc,78168
948,30000.00,2013.0,Audi,AudiQ,83314
949,34995.00,2016.0,Lexus,Lexus,75409
950,41447.00,2017.0,Acura,Acura,31017
951,37995.00,2016.0,GMC,GMCAc,31802
952,40887.00,2016.0,Mercedes-Benz,Merce,51070
953,47777.00,2017.0,Jeep,JeepG,44077
954,35990.00,2015.0,Land,Range Rover,27000
955,77995.00,2016.0,Porsche,Porsc,26255
956,49888.00,2015.0,Porsche,Porsc,51000
957,39998.00,2017.0,Dodge,Dodge,53703
958,57977.00,2015.0,Land,Range Rover,56500
959,50800.00,2016.0,Mercedes-Benz,Merce,57000
960,65989.00,2017.0,Jaguar,Jagua,44670
961,34593.00,2017.0,Dodge,Dodge,68790
962,30999.00,2016.0,Audi,AudiQ,72054
963,43971.00,2018.0,BMW,BMWX1,28092
964,49888.00,2016.0,BMW,BMWX6,95000
965,30988.00,2017.0,Ford,FordE,14124
966,42988.00,2018.0,Lincoln,Linco,28688
967,42800.00,2015.0,Land,"Evoque DYNAMIC,",30355
968,46990.00,2016.0,BMW,BMWX5,79500
969,59988.00,2016.0,Land,Range Rover,31000
970,64500.00,2017.0,Macan,Macan,32000
971,41000.00,2017.0,Audi,AudiQ,13500
972,61995.00,2016.0,Mercedes-Benz,Merce,72692
973,45995.00,2017.0,Jeep,JeepW,27500
974,45888.00,2017.0,Volvo,Volvo,15663
975,34997.00,2015.0,Mercedes-Benz,Merce,72041
976,39995.00,2018.0,Jeep,JeepW,24224
977,35998.00,2017.0,Buick,Buick,18570
978,37603.00,2017.0,Acura,Acura,25103
979,42288.00,2017.0,Jeep,JeepW,24908
980,45800.00,2016.0,Lexus,Lexus,48200
981,52800.00,2017.0,Audi,AudiQ,61952
982,34000.00,2015.0,Chysler,Chysl,57000
983,35000.00,2017.0,Nissan,Nissa,18000
984,44800.00,2015.0,Mercedes-Benz,Merce,40505
986,31787.00,2014.0,Land,Range Rover,75000
987,34995.00,2016.0,Volvo,Volvo,51500
988,69988.00,2017.0,Mercedes-Benz,Merce,24965
989,49681.00,2015.0,INFINITI,INFIN,51800
990,32000.00,2017.0,Jeep,JeepG,30000
991,34750.00,2016.0,Honda,Honda,58680
992,35250.00,2016.0,Infiniti,Infin,43503
993,64588.00,2017.0,GMC,GMCYu,32738
994,35998.00,2016.0,BMW,BMWX3,88000
995,59865.00,2017.0,BMW,BMWX5,31577
996,39888.00,2015.0,Land,Range Rover,52000
998,30750.00,2016.0,Subaru,Subar,44871
999,42998.00,2015.0,Mercedes-Benz,Merce,52000
1000,41447.00,2017.0,Acura,Acura,31017
1001,74990.00,2016.0,Land,Range Rover,33656
1002,38800.00,2016.0,Jeep,JeepW,21502
1003,34900.00,2017.0,Toyota,Toyot,55160
1004,59998.00,2017.0,Mercedes-Benz,Merce,41508
1005,34888.00,2016.0,Jeep,JeepW,45801
1006,32995.00,2015.0,Lexus,Lexus,68068
1007,43995.00,2014.0,Porsche,Porsc,76300
1008,36998.00,2018.0,BMW,BMWX1,40413
1009,41888.00,2016.0,Toyota,Toyot,24401
1010,36894.00,2017.0,Ford,FordE,38082
1011,47689.00,2018.0,Chevrolet,Chevr,24111
1012,39995.00,2015.0,Mercedes-Benz,Merce,62000
1013,72800.00,2017.0,Cadillac,Cadil,48625
1014,65555.00,2014.0,Mercedes-Benz,Merce,81934
1015,39888.00,2015.0,Land,Range Rover,75000
1016,55893.00,2016.0,Porsche,Porsc,52326
1017,58800.00,2016.0,Land,Range Rover,76672
1018,39995.00,2015.0,Jeep,JeepW,93000
1019,32000.00,2015.0,Land,Range Rover,43000
1020,40499.00,2017.0,Jeep,JeepG,29741
1021,31995.00,2015.0,Lexus,Lexus,58000
1022,49000.00,2014.0,Land,Range Rover,90000
1023,57860.00,2014.0,Land,Range Rover,49355
1024,31888.00,2015.0,Acura,Acura,98571
1025,31950.00,2017.0,Audi,AudiQ,99000
1026,64995.00,2018.0,Volvo,Volvo,25036
1027,48889.00,2018.0,Mercedes-Benz,Merce,17901
1028,43494.00,2017.0,Mercedes-Benz,Merce,33076
1029,38800.00,2016.0,Jeep,JeepW,21502
1030,35999.00,2015.0,Mercedes-Benz,Merce,82840
1031,54185.00,2015.0,Audi,AudiR,35498
1032,34995.00,2015.0,Infiniti,Infin,40775
1033,58995.00,2015.0,Porsche,Porsc,61867
1034,68893.00,2015.0,Porsche,Porsc,15549
1035,68893.00,2016.0,Porsche,Porsc,29856
1036,59893.00,2018.0,Porsche,Porsc,15158
1037,53800.00,2014.0,Land,Range Rover,84342
1038,31888.00,2016.0,Nissan,Nissa,48000
1039,40899.00,2015.0,Mercedes-Benz,Merce,78000
1040,78888.00,2016.0,Land,Range Rover,52000
1041,56888.00,2017.0,Mercedes-Benz,Merce,36000
1042,55700.00,2016.0,Porsche,Porsc,54000
1043,52888.00,2016.0,Porsche,Porsc,61000
1044,63995.00,2016.0,Porsche,Porsc,43900
1045,59995.00,2014.0,Porsche,Porsc,39900
1046,69995.00,2015.0,Porsche,Porsc,26200
1047,72995.00,2015.0,Porsche,Porsc,38904
1048,45995.00,2014.0,Porsche,Porsc,74500
1049,33994.00,2017.0,Audi,AudiQ,46628
1050,47777.00,2017.0,Jeep,JeepG,44077
1051,74990.00,2016.0,Land,Range Rover,33656
1052,35950.00,2015.0,BMW,BMWX5,99000
1053,35998.00,2018.0,Mercedes-Benz,Merce,21586
1054,42888.00,2018.0,VOLKSWAGEN,VOLKS,24000
1055,38975.00,2018.0,Jeep,JeepG,31125
1056,43886.00,2018.0,Dodge,Dodge,19780
1057,34999.00,2014.0,Jeep,JeepW,49999
1058,32880.00,2015.0,Mercedes-Benz,Merce,46000
1059,32599.00,2015.0,Infiniti,Infin,65088
1060,59888.00,2018.0,Volvo,Volvo,20557
1061,78800.00,2017.0,Porsche,Porsc,14503
1062,53995.00,2016.0,GMC,GMCYu,89000
1063,41999.00,2015.0,Mercedes-Benz,Merce,74890
1064,61888.00,2016.0,BMW,BMWX6,35000
1065,35800.00,2015.0,Jeep,JeepG,95000
1066,38180.00,2016.0,Toyota,Toyot,74500
1067,68988.00,2016.0,Land,Range Rover,89000
1068,35988.00,2013.0,Audi,AudiQ,57000
1069,50888.00,2014.0,Mercedes-Benz,Merce,98000
1070,35888.00,2014.0,Audi,AudiQ,99000
1071,41288.00,2017.0,Infiniti,Infin,21774
1072,36888.00,2017.0,Infiniti,Infin,23228
1073,37995.00,2016.0,BMW,BMWX1,13744
1074,44888.00,2017.0,Volvo,Volvo,18967
